pitch_rad,yaw_rad
0.0,0.0
0.0,0.06981317007977318
0.0,0.13962634015954636
0.0,0.20943951023931956
0.0,0.2792526803190927
0.0,0.3490658503988659
0.0,0.4188790204786391
0.0,0.4886921905584123
0.0,0.5585053606381855
0.0,0.6283185307179586
0.0,0.6981317007977318
0.0,0.767944870877505
0.0,0.8377580409572782
0.0,0.9075712110370514
0.0,0.9773843811168246
0.0,1.0471975511965976
0.0,1.117010721276371
0.0,1.1868238913561442
0.0,1.2566370614359172
0.0,1.3264502315156905
0.0,1.3962634015954636
0.0,1.4660765716752369
0.0,1.53588974175501
0.0,1.6057029118347832
0.0,1.6755160819145565
0.0,1.7453292519943295
0.0,1.8151424220741028
0.0,1.8849555921538759
0.0,1.9547687622336491
0.0,2.0245819323134224
0.0,2.0943951023931953
0.0,2.1642082724729685
0.0,2.234021442552742
0.0,2.303834612632515
0.0,2.3736477827122884
0.0,2.443460952792061
0.0,2.5132741228718345
0.0,2.5830872929516078
0.0,2.652900463031381
0.0,2.722713633111154
0.0,2.792526803190927
0.0,2.8623399732707004
0.0,2.9321531433504737
0.0,3.001966313430247
0.0,3.07177948351002
0.0,3.141592653589793
0.0,3.2114058236695664
0.0,3.2812189937493397
0.0,3.351032163829113
0.0,3.420845333908886
0.0,3.490658503988659
0.0,3.5604716740684323
0.0,3.6302848441482056
0.0,3.7000980142279785
0.0,3.7699111843077517
0.0,3.839724354387525
0.0,3.9095375244672983
0.0,3.9793506945470716
0.0,4.049163864626845
0.0,4.118977034706618
0.0,4.1887902047863905
0.0,4.258603374866164
0.0,4.328416544945937
0.0,4.39822971502571
0.0,4.468042885105484
0.0,4.537856055185257
0.0,4.60766922526503
0.0,4.6774823953448035
0.0,4.747295565424577
0.0,4.817108735504349
0.0,4.886921905584122
0.0,4.956735075663896
0.0,5.026548245743669
0.0,5.096361415823442
0.0,5.1661745859032155
0.0,5.235987755982989
0.0,5.305800926062762
0.0,5.375614096142535
0.0,5.445427266222308
0.0,5.515240436302081
0.0,5.585053606381854
0.0,5.654866776461628
0.0,5.724679946541401
0.0,5.794493116621174
0.0,5.8643062867009474
0.0,5.934119456780721
0.0,6.003932626860494
0.0,6.073745796940266
0.0,6.14355896702004
0.0,6.213372137099813
0.08726646259971647,0.0
0.08726646259971647,0.06981317007977318
0.08726646259971647,0.13962634015954636
0.08726646259971647,0.20943951023931956
0.08726646259971647,0.2792526803190927
0.08726646259971647,0.3490658503988659
0.08726646259971647,0.4188790204786391
0.08726646259971647,0.4886921905584123
0.08726646259971647,0.5585053606381855
0.08726646259971647,0.6283185307179586
0.08726646259971647,0.6981317007977318
0.08726646259971647,0.767944870877505
0.08726646259971647,0.8377580409572782
0.08726646259971647,0.9075712110370514
0.08726646259971647,0.9773843811168246
0.08726646259971647,1.0471975511965976
0.08726646259971647,1.117010721276371
0.08726646259971647,1.1868238913561442
0.08726646259971647,1.2566370614359172
0.08726646259971647,1.3264502315156905
0.08726646259971647,1.3962634015954636
0.08726646259971647,1.4660765716752369
0.08726646259971647,1.53588974175501
0.08726646259971647,1.6057029118347832
0.08726646259971647,1.6755160819145565
0.08726646259971647,1.7453292519943295
0.08726646259971647,1.8151424220741028
0.08726646259971647,1.8849555921538759
0.08726646259971647,1.9547687622336491
0.08726646259971647,2.0245819323134224
0.08726646259971647,2.0943951023931953
0.08726646259971647,2.1642082724729685
0.08726646259971647,2.234021442552742
0.08726646259971647,2.303834612632515
0.08726646259971647,2.3736477827122884
0.08726646259971647,2.443460952792061
0.08726646259971647,2.5132741228718345
0.08726646259971647,2.5830872929516078
0.08726646259971647,2.652900463031381
0.08726646259971647,2.722713633111154
0.08726646259971647,2.792526803190927
0.08726646259971647,2.8623399732707004
0.08726646259971647,2.9321531433504737
0.08726646259971647,3.001966313430247
0.08726646259971647,3.07177948351002
0.08726646259971647,3.141592653589793
0.08726646259971647,3.2114058236695664
0.08726646259971647,3.2812189937493397
0.08726646259971647,3.351032163829113
0.08726646259971647,3.420845333908886
0.08726646259971647,3.490658503988659
0.08726646259971647,3.5604716740684323
0.08726646259971647,3.6302848441482056
0.08726646259971647,3.7000980142279785
0.08726646259971647,3.7699111843077517
0.08726646259971647,3.839724354387525
0.08726646259971647,3.9095375244672983
0.08726646259971647,3.9793506945470716
0.08726646259971647,4.049163864626845
0.08726646259971647,4.118977034706618
0.08726646259971647,4.1887902047863905
0.08726646259971647,4.258603374866164
0.08726646259971647,4.328416544945937
0.08726646259971647,4.39822971502571
0.08726646259971647,4.468042885105484
0.08726646259971647,4.537856055185257
0.08726646259971647,4.60766922526503
0.08726646259971647,4.6774823953448035
0.08726646259971647,4.747295565424577
0.08726646259971647,4.817108735504349
0.08726646259971647,4.886921905584122
0.08726646259971647,4.956735075663896
0.08726646259971647,5.026548245743669
0.08726646259971647,5.096361415823442
0.08726646259971647,5.1661745859032155
0.08726646259971647,5.235987755982989
0.08726646259971647,5.305800926062762
0.08726646259971647,5.375614096142535
0.08726646259971647,5.445427266222308
0.08726646259971647,5.515240436302081
0.08726646259971647,5.585053606381854
0.08726646259971647,5.654866776461628
0.08726646259971647,5.724679946541401
0.08726646259971647,5.794493116621174
0.08726646259971647,5.8643062867009474
0.08726646259971647,5.934119456780721
0.08726646259971647,6.003932626860494
0.08726646259971647,6.073745796940266
0.08726646259971647,6.14355896702004
0.08726646259971647,6.213372137099813
0.17453292519943295,0.0
0.17453292519943295,0.06981317007977318
0.17453292519943295,0.13962634015954636
0.17453292519943295,0.20943951023931956
0.17453292519943295,0.2792526803190927
0.17453292519943295,0.3490658503988659
0.17453292519943295,0.4188790204786391
0.17453292519943295,0.4886921905584123
0.17453292519943295,0.5585053606381855
0.17453292519943295,0.6283185307179586
0.17453292519943295,0.6981317007977318
0.17453292519943295,0.767944870877505
0.17453292519943295,0.8377580409572782
0.17453292519943295,0.9075712110370514
0.17453292519943295,0.9773843811168246
0.17453292519943295,1.0471975511965976
0.17453292519943295,1.117010721276371
0.17453292519943295,1.1868238913561442
0.17453292519943295,1.2566370614359172
0.17453292519943295,1.3264502315156905
0.17453292519943295,1.3962634015954636
0.17453292519943295,1.4660765716752369
0.17453292519943295,1.53588974175501
0.17453292519943295,1.6057029118347832
0.17453292519943295,1.6755160819145565
0.17453292519943295,1.7453292519943295
0.17453292519943295,1.8151424220741028
0.17453292519943295,1.8849555921538759
0.17453292519943295,1.9547687622336491
0.17453292519943295,2.0245819323134224
0.17453292519943295,2.0943951023931953
0.17453292519943295,2.1642082724729685
0.17453292519943295,2.234021442552742
0.17453292519943295,2.303834612632515
0.17453292519943295,2.3736477827122884
0.17453292519943295,2.443460952792061
0.17453292519943295,2.5132741228718345
0.17453292519943295,2.5830872929516078
0.17453292519943295,2.652900463031381
0.17453292519943295,2.722713633111154
0.17453292519943295,2.792526803190927
0.17453292519943295,2.8623399732707004
0.17453292519943295,2.9321531433504737
0.17453292519943295,3.001966313430247
0.17453292519943295,3.07177948351002
0.17453292519943295,3.141592653589793
0.17453292519943295,3.2114058236695664
0.17453292519943295,3.2812189937493397
0.17453292519943295,3.351032163829113
0.17453292519943295,3.420845333908886
0.17453292519943295,3.490658503988659
0.17453292519943295,3.5604716740684323
0.17453292519943295,3.6302848441482056
0.17453292519943295,3.7000980142279785
0.17453292519943295,3.7699111843077517
0.17453292519943295,3.839724354387525
0.17453292519943295,3.9095375244672983
0.17453292519943295,3.9793506945470716
0.17453292519943295,4.049163864626845
0.17453292519943295,4.118977034706618
0.17453292519943295,4.1887902047863905
0.17453292519943295,4.258603374866164
0.17453292519943295,4.328416544945937
0.17453292519943295,4.39822971502571
0.17453292519943295,4.468042885105484
0.17453292519943295,4.537856055185257
0.17453292519943295,4.60766922526503
0.17453292519943295,4.6774823953448035
0.17453292519943295,4.747295565424577
0.17453292519943295,4.817108735504349
0.17453292519943295,4.886921905584122
0.17453292519943295,4.956735075663896
0.17453292519943295,5.026548245743669
0.17453292519943295,5.096361415823442
0.17453292519943295,5.1661745859032155
0.17453292519943295,5.235987755982989
0.17453292519943295,5.305800926062762
0.17453292519943295,5.375614096142535
0.17453292519943295,5.445427266222308
0.17453292519943295,5.515240436302081
0.17453292519943295,5.585053606381854
0.17453292519943295,5.654866776461628
0.17453292519943295,5.724679946541401
0.17453292519943295,5.794493116621174
0.17453292519943295,5.8643062867009474
0.17453292519943295,5.934119456780721
0.17453292519943295,6.003932626860494
0.17453292519943295,6.073745796940266
0.17453292519943295,6.14355896702004
0.17453292519943295,6.213372137099813
0.2617993877991494,0.0
0.2617993877991494,0.06981317007977318
0.2617993877991494,0.13962634015954636
0.2617993877991494,0.20943951023931956
0.2617993877991494,0.2792526803190927
0.2617993877991494,0.3490658503988659
0.2617993877991494,0.4188790204786391
0.2617993877991494,0.4886921905584123
0.2617993877991494,0.5585053606381855
0.2617993877991494,0.6283185307179586
0.2617993877991494,0.6981317007977318
0.2617993877991494,0.767944870877505
0.2617993877991494,0.8377580409572782
0.2617993877991494,0.9075712110370514
0.2617993877991494,0.9773843811168246
0.2617993877991494,1.0471975511965976
0.2617993877991494,1.117010721276371
0.2617993877991494,1.1868238913561442
0.2617993877991494,1.2566370614359172
0.2617993877991494,1.3264502315156905
0.2617993877991494,1.3962634015954636
0.2617993877991494,1.4660765716752369
0.2617993877991494,1.53588974175501
0.2617993877991494,1.6057029118347832
0.2617993877991494,1.6755160819145565
0.2617993877991494,1.7453292519943295
0.2617993877991494,1.8151424220741028
0.2617993877991494,1.8849555921538759
0.2617993877991494,1.9547687622336491
0.2617993877991494,2.0245819323134224
0.2617993877991494,2.0943951023931953
0.2617993877991494,2.1642082724729685
0.2617993877991494,2.234021442552742
0.2617993877991494,2.303834612632515
0.2617993877991494,2.3736477827122884
0.2617993877991494,2.443460952792061
0.2617993877991494,2.5132741228718345
0.2617993877991494,2.5830872929516078
0.2617993877991494,2.652900463031381
0.2617993877991494,2.722713633111154
0.2617993877991494,2.792526803190927
0.2617993877991494,2.8623399732707004
0.2617993877991494,2.9321531433504737
0.2617993877991494,3.001966313430247
0.2617993877991494,3.07177948351002
0.2617993877991494,3.141592653589793
0.2617993877991494,3.2114058236695664
0.2617993877991494,3.2812189937493397
0.2617993877991494,3.351032163829113
0.2617993877991494,3.420845333908886
0.2617993877991494,3.490658503988659
0.2617993877991494,3.5604716740684323
0.2617993877991494,3.6302848441482056
0.2617993877991494,3.7000980142279785
0.2617993877991494,3.7699111843077517
0.2617993877991494,3.839724354387525
0.2617993877991494,3.9095375244672983
0.2617993877991494,3.9793506945470716
0.2617993877991494,4.049163864626845
0.2617993877991494,4.118977034706618
0.2617993877991494,4.1887902047863905
0.2617993877991494,4.258603374866164
0.2617993877991494,4.328416544945937
0.2617993877991494,4.39822971502571
0.2617993877991494,4.468042885105484
0.2617993877991494,4.537856055185257
0.2617993877991494,4.60766922526503
0.2617993877991494,4.6774823953448035
0.2617993877991494,4.747295565424577
0.2617993877991494,4.817108735504349
0.2617993877991494,4.886921905584122
0.2617993877991494,4.956735075663896
0.2617993877991494,5.026548245743669
0.2617993877991494,5.096361415823442
0.2617993877991494,5.1661745859032155
0.2617993877991494,5.235987755982989
0.2617993877991494,5.305800926062762
0.2617993877991494,5.375614096142535
0.2617993877991494,5.445427266222308
0.2617993877991494,5.515240436302081
0.2617993877991494,5.585053606381854
0.2617993877991494,5.654866776461628
0.2617993877991494,5.724679946541401
0.2617993877991494,5.794493116621174
0.2617993877991494,5.8643062867009474
0.2617993877991494,5.934119456780721
0.2617993877991494,6.003932626860494
0.2617993877991494,6.073745796940266
0.2617993877991494,6.14355896702004
0.2617993877991494,6.213372137099813
0.3490658503988659,0.0
0.3490658503988659,0.06981317007977318
0.3490658503988659,0.13962634015954636
0.3490658503988659,0.20943951023931956
0.3490658503988659,0.2792526803190927
0.3490658503988659,0.3490658503988659
0.3490658503988659,0.4188790204786391
0.3490658503988659,0.4886921905584123
0.3490658503988659,0.5585053606381855
0.3490658503988659,0.6283185307179586
0.3490658503988659,0.6981317007977318
0.3490658503988659,0.767944870877505
0.3490658503988659,0.8377580409572782
0.3490658503988659,0.9075712110370514
0.3490658503988659,0.9773843811168246
0.3490658503988659,1.0471975511965976
0.3490658503988659,1.117010721276371
0.3490658503988659,1.1868238913561442
0.3490658503988659,1.2566370614359172
0.3490658503988659,1.3264502315156905
0.3490658503988659,1.3962634015954636
0.3490658503988659,1.4660765716752369
0.3490658503988659,1.53588974175501
0.3490658503988659,1.6057029118347832
0.3490658503988659,1.6755160819145565
0.3490658503988659,1.7453292519943295
0.3490658503988659,1.8151424220741028
0.3490658503988659,1.8849555921538759
0.3490658503988659,1.9547687622336491
0.3490658503988659,2.0245819323134224
0.3490658503988659,2.0943951023931953
0.3490658503988659,2.1642082724729685
0.3490658503988659,2.234021442552742
0.3490658503988659,2.303834612632515
0.3490658503988659,2.3736477827122884
0.3490658503988659,2.443460952792061
0.3490658503988659,2.5132741228718345
0.3490658503988659,2.5830872929516078
0.3490658503988659,2.652900463031381
0.3490658503988659,2.722713633111154
0.3490658503988659,2.792526803190927
0.3490658503988659,2.8623399732707004
0.3490658503988659,2.9321531433504737
0.3490658503988659,3.001966313430247
0.3490658503988659,3.07177948351002
0.3490658503988659,3.141592653589793
0.3490658503988659,3.2114058236695664
0.3490658503988659,3.2812189937493397
0.3490658503988659,3.351032163829113
0.3490658503988659,3.420845333908886
0.3490658503988659,3.490658503988659
0.3490658503988659,3.5604716740684323
0.3490658503988659,3.6302848441482056
0.3490658503988659,3.7000980142279785
0.3490658503988659,3.7699111843077517
0.3490658503988659,3.839724354387525
0.3490658503988659,3.9095375244672983
0.3490658503988659,3.9793506945470716
0.3490658503988659,4.049163864626845
0.3490658503988659,4.118977034706618
0.3490658503988659,4.1887902047863905
0.3490658503988659,4.258603374866164
0.3490658503988659,4.328416544945937
0.3490658503988659,4.39822971502571
0.3490658503988659,4.468042885105484
0.3490658503988659,4.537856055185257
0.3490658503988659,4.60766922526503
0.3490658503988659,4.6774823953448035
0.3490658503988659,4.747295565424577
0.3490658503988659,4.817108735504349
0.3490658503988659,4.886921905584122
0.3490658503988659,4.956735075663896
0.3490658503988659,5.026548245743669
0.3490658503988659,5.096361415823442
0.3490658503988659,5.1661745859032155
0.3490658503988659,5.235987755982989
0.3490658503988659,5.305800926062762
0.3490658503988659,5.375614096142535
0.3490658503988659,5.445427266222308
0.3490658503988659,5.515240436302081
0.3490658503988659,5.585053606381854
0.3490658503988659,5.654866776461628
0.3490658503988659,5.724679946541401
0.3490658503988659,5.794493116621174
0.3490658503988659,5.8643062867009474
0.3490658503988659,5.934119456780721
0.3490658503988659,6.003932626860494
0.3490658503988659,6.073745796940266
0.3490658503988659,6.14355896702004
0.3490658503988659,6.213372137099813
0.4363323129985824,0.0
0.4363323129985824,0.06981317007977318
0.4363323129985824,0.13962634015954636
0.4363323129985824,0.20943951023931956
0.4363323129985824,0.2792526803190927
0.4363323129985824,0.3490658503988659
0.4363323129985824,0.4188790204786391
0.4363323129985824,0.4886921905584123
0.4363323129985824,0.5585053606381855
0.4363323129985824,0.6283185307179586
0.4363323129985824,0.6981317007977318
0.4363323129985824,0.767944870877505
0.4363323129985824,0.8377580409572782
0.4363323129985824,0.9075712110370514
0.4363323129985824,0.9773843811168246
0.4363323129985824,1.0471975511965976
0.4363323129985824,1.117010721276371
0.4363323129985824,1.1868238913561442
0.4363323129985824,1.2566370614359172
0.4363323129985824,1.3264502315156905
0.4363323129985824,1.3962634015954636
0.4363323129985824,1.4660765716752369
0.4363323129985824,1.53588974175501
0.4363323129985824,1.6057029118347832
0.4363323129985824,1.6755160819145565
0.4363323129985824,1.7453292519943295
0.4363323129985824,1.8151424220741028
0.4363323129985824,1.8849555921538759
0.4363323129985824,1.9547687622336491
0.4363323129985824,2.0245819323134224
0.4363323129985824,2.0943951023931953
0.4363323129985824,2.1642082724729685
0.4363323129985824,2.234021442552742
0.4363323129985824,2.303834612632515
0.4363323129985824,2.3736477827122884
0.4363323129985824,2.443460952792061
0.4363323129985824,2.5132741228718345
0.4363323129985824,2.5830872929516078
0.4363323129985824,2.652900463031381
0.4363323129985824,2.722713633111154
0.4363323129985824,2.792526803190927
0.4363323129985824,2.8623399732707004
0.4363323129985824,2.9321531433504737
0.4363323129985824,3.001966313430247
0.4363323129985824,3.07177948351002
0.4363323129985824,3.141592653589793
0.4363323129985824,3.2114058236695664
0.4363323129985824,3.2812189937493397
0.4363323129985824,3.351032163829113
0.4363323129985824,3.420845333908886
0.4363323129985824,3.490658503988659
0.4363323129985824,3.5604716740684323
0.4363323129985824,3.6302848441482056
0.4363323129985824,3.7000980142279785
0.4363323129985824,3.7699111843077517
0.4363323129985824,3.839724354387525
0.4363323129985824,3.9095375244672983
0.4363323129985824,3.9793506945470716
0.4363323129985824,4.049163864626845
0.4363323129985824,4.118977034706618
0.4363323129985824,4.1887902047863905
0.4363323129985824,4.258603374866164
0.4363323129985824,4.328416544945937
0.4363323129985824,4.39822971502571
0.4363323129985824,4.468042885105484
0.4363323129985824,4.537856055185257
0.4363323129985824,4.60766922526503
0.4363323129985824,4.6774823953448035
0.4363323129985824,4.747295565424577
0.4363323129985824,4.817108735504349
0.4363323129985824,4.886921905584122
0.4363323129985824,4.956735075663896
0.4363323129985824,5.026548245743669
0.4363323129985824,5.096361415823442
0.4363323129985824,5.1661745859032155
0.4363323129985824,5.235987755982989
0.4363323129985824,5.305800926062762
0.4363323129985824,5.375614096142535
0.4363323129985824,5.445427266222308
0.4363323129985824,5.515240436302081
0.4363323129985824,5.585053606381854
0.4363323129985824,5.654866776461628
0.4363323129985824,5.724679946541401
0.4363323129985824,5.794493116621174
0.4363323129985824,5.8643062867009474
0.4363323129985824,5.934119456780721
0.4363323129985824,6.003932626860494
0.4363323129985824,6.073745796940266
0.4363323129985824,6.14355896702004
0.4363323129985824,6.213372137099813
0.5235987755982988,0.0
0.5235987755982988,0.06981317007977318
0.5235987755982988,0.13962634015954636
0.5235987755982988,0.20943951023931956
0.5235987755982988,0.2792526803190927
0.5235987755982988,0.3490658503988659
0.5235987755982988,0.4188790204786391
0.5235987755982988,0.4886921905584123
0.5235987755982988,0.5585053606381855
0.5235987755982988,0.6283185307179586
0.5235987755982988,0.6981317007977318
0.5235987755982988,0.767944870877505
0.5235987755982988,0.8377580409572782
0.5235987755982988,0.9075712110370514
0.5235987755982988,0.9773843811168246
0.5235987755982988,1.0471975511965976
0.5235987755982988,1.117010721276371
0.5235987755982988,1.1868238913561442
0.5235987755982988,1.2566370614359172
0.5235987755982988,1.3264502315156905
0.5235987755982988,1.3962634015954636
0.5235987755982988,1.4660765716752369
0.5235987755982988,1.53588974175501
0.5235987755982988,1.6057029118347832
0.5235987755982988,1.6755160819145565
0.5235987755982988,1.7453292519943295
0.5235987755982988,1.8151424220741028
0.5235987755982988,1.8849555921538759
0.5235987755982988,1.9547687622336491
0.5235987755982988,2.0245819323134224
0.5235987755982988,2.0943951023931953
0.5235987755982988,2.1642082724729685
0.5235987755982988,2.234021442552742
0.5235987755982988,2.303834612632515
0.5235987755982988,2.3736477827122884
0.5235987755982988,2.443460952792061
0.5235987755982988,2.5132741228718345
0.5235987755982988,2.5830872929516078
0.5235987755982988,2.652900463031381
0.5235987755982988,2.722713633111154
0.5235987755982988,2.792526803190927
0.5235987755982988,2.8623399732707004
0.5235987755982988,2.9321531433504737
0.5235987755982988,3.001966313430247
0.5235987755982988,3.07177948351002
0.5235987755982988,3.141592653589793
0.5235987755982988,3.2114058236695664
0.5235987755982988,3.2812189937493397
0.5235987755982988,3.351032163829113
0.5235987755982988,3.420845333908886
0.5235987755982988,3.490658503988659
0.5235987755982988,3.5604716740684323
0.5235987755982988,3.6302848441482056
0.5235987755982988,3.7000980142279785
0.5235987755982988,3.7699111843077517
0.5235987755982988,3.839724354387525
0.5235987755982988,3.9095375244672983
0.5235987755982988,3.9793506945470716
0.5235987755982988,4.049163864626845
0.5235987755982988,4.118977034706618
0.5235987755982988,4.1887902047863905
0.5235987755982988,4.258603374866164
0.5235987755982988,4.328416544945937
0.5235987755982988,4.39822971502571
0.5235987755982988,4.468042885105484
0.5235987755982988,4.537856055185257
0.5235987755982988,4.60766922526503
0.5235987755982988,4.6774823953448035
0.5235987755982988,4.747295565424577
0.5235987755982988,4.817108735504349
0.5235987755982988,4.886921905584122
0.5235987755982988,4.956735075663896
0.5235987755982988,5.026548245743669
0.5235987755982988,5.096361415823442
0.5235987755982988,5.1661745859032155
0.5235987755982988,5.235987755982989
0.5235987755982988,5.305800926062762
0.5235987755982988,5.375614096142535
0.5235987755982988,5.445427266222308
0.5235987755982988,5.515240436302081
0.5235987755982988,5.585053606381854
0.5235987755982988,5.654866776461628
0.5235987755982988,5.724679946541401
0.5235987755982988,5.794493116621174
0.5235987755982988,5.8643062867009474
0.5235987755982988,5.934119456780721
0.5235987755982988,6.003932626860494
0.5235987755982988,6.073745796940266
0.5235987755982988,6.14355896702004
0.5235987755982988,6.213372137099813
0.6108652381980153,0.0
0.6108652381980153,0.06981317007977318
0.6108652381980153,0.13962634015954636
0.6108652381980153,0.20943951023931956
0.6108652381980153,0.2792526803190927
0.6108652381980153,0.3490658503988659
0.6108652381980153,0.4188790204786391
0.6108652381980153,0.4886921905584123
0.6108652381980153,0.5585053606381855
0.6108652381980153,0.6283185307179586
0.6108652381980153,0.6981317007977318
0.6108652381980153,0.767944870877505
0.6108652381980153,0.8377580409572782
0.6108652381980153,0.9075712110370514
0.6108652381980153,0.9773843811168246
0.6108652381980153,1.0471975511965976
0.6108652381980153,1.117010721276371
0.6108652381980153,1.1868238913561442
0.6108652381980153,1.2566370614359172
0.6108652381980153,1.3264502315156905
0.6108652381980153,1.3962634015954636
0.6108652381980153,1.4660765716752369
0.6108652381980153,1.53588974175501
0.6108652381980153,1.6057029118347832
0.6108652381980153,1.6755160819145565
0.6108652381980153,1.7453292519943295
0.6108652381980153,1.8151424220741028
0.6108652381980153,1.8849555921538759
0.6108652381980153,1.9547687622336491
0.6108652381980153,2.0245819323134224
0.6108652381980153,2.0943951023931953
0.6108652381980153,2.1642082724729685
0.6108652381980153,2.234021442552742
0.6108652381980153,2.303834612632515
0.6108652381980153,2.3736477827122884
0.6108652381980153,2.443460952792061
0.6108652381980153,2.5132741228718345
0.6108652381980153,2.5830872929516078
0.6108652381980153,2.652900463031381
0.6108652381980153,2.722713633111154
0.6108652381980153,2.792526803190927
0.6108652381980153,2.8623399732707004
0.6108652381980153,2.9321531433504737
0.6108652381980153,3.001966313430247
0.6108652381980153,3.07177948351002
0.6108652381980153,3.141592653589793
0.6108652381980153,3.2114058236695664
0.6108652381980153,3.2812189937493397
0.6108652381980153,3.351032163829113
0.6108652381980153,3.420845333908886
0.6108652381980153,3.490658503988659
0.6108652381980153,3.5604716740684323
0.6108652381980153,3.6302848441482056
0.6108652381980153,3.7000980142279785
0.6108652381980153,3.7699111843077517
0.6108652381980153,3.839724354387525
0.6108652381980153,3.9095375244672983
0.6108652381980153,3.9793506945470716
0.6108652381980153,4.049163864626845
0.6108652381980153,4.118977034706618
0.6108652381980153,4.1887902047863905
0.6108652381980153,4.258603374866164
0.6108652381980153,4.328416544945937
0.6108652381980153,4.39822971502571
0.6108652381980153,4.468042885105484
0.6108652381980153,4.537856055185257
0.6108652381980153,4.60766922526503
0.6108652381980153,4.6774823953448035
0.6108652381980153,4.747295565424577
0.6108652381980153,4.817108735504349
0.6108652381980153,4.886921905584122
0.6108652381980153,4.956735075663896
0.6108652381980153,5.026548245743669
0.6108652381980153,5.096361415823442
0.6108652381980153,5.1661745859032155
0.6108652381980153,5.235987755982989
0.6108652381980153,5.305800926062762
0.6108652381980153,5.375614096142535
0.6108652381980153,5.445427266222308
0.6108652381980153,5.515240436302081
0.6108652381980153,5.585053606381854
0.6108652381980153,5.654866776461628
0.6108652381980153,5.724679946541401
0.6108652381980153,5.794493116621174
0.6108652381980153,5.8643062867009474
0.6108652381980153,5.934119456780721
0.6108652381980153,6.003932626860494
0.6108652381980153,6.073745796940266
0.6108652381980153,6.14355896702004
0.6108652381980153,6.213372137099813
0.6981317007977318,0.0
0.6981317007977318,0.06981317007977318
0.6981317007977318,0.13962634015954636
0.6981317007977318,0.20943951023931956
0.6981317007977318,0.2792526803190927
0.6981317007977318,0.3490658503988659
0.6981317007977318,0.4188790204786391
0.6981317007977318,0.4886921905584123
0.6981317007977318,0.5585053606381855
0.6981317007977318,0.6283185307179586
0.6981317007977318,0.6981317007977318
0.6981317007977318,0.767944870877505
0.6981317007977318,0.8377580409572782
0.6981317007977318,0.9075712110370514
0.6981317007977318,0.9773843811168246
0.6981317007977318,1.0471975511965976
0.6981317007977318,1.117010721276371
0.6981317007977318,1.1868238913561442
0.6981317007977318,1.2566370614359172
0.6981317007977318,1.3264502315156905
0.6981317007977318,1.3962634015954636
0.6981317007977318,1.4660765716752369
0.6981317007977318,1.53588974175501
0.6981317007977318,1.6057029118347832
0.6981317007977318,1.6755160819145565
0.6981317007977318,1.7453292519943295
0.6981317007977318,1.8151424220741028
0.6981317007977318,1.8849555921538759
0.6981317007977318,1.9547687622336491
0.6981317007977318,2.0245819323134224
0.6981317007977318,2.0943951023931953
0.6981317007977318,2.1642082724729685
0.6981317007977318,2.234021442552742
0.6981317007977318,2.303834612632515
0.6981317007977318,2.3736477827122884
0.6981317007977318,2.443460952792061
0.6981317007977318,2.5132741228718345
0.6981317007977318,2.5830872929516078
0.6981317007977318,2.652900463031381
0.6981317007977318,2.722713633111154
0.6981317007977318,2.792526803190927
0.6981317007977318,2.8623399732707004
0.6981317007977318,2.9321531433504737
0.6981317007977318,3.001966313430247
0.6981317007977318,3.07177948351002
0.6981317007977318,3.141592653589793
0.6981317007977318,3.2114058236695664
0.6981317007977318,3.2812189937493397
0.6981317007977318,3.351032163829113
0.6981317007977318,3.420845333908886
0.6981317007977318,3.490658503988659
0.6981317007977318,3.5604716740684323
0.6981317007977318,3.6302848441482056
0.6981317007977318,3.7000980142279785
0.6981317007977318,3.7699111843077517
0.6981317007977318,3.839724354387525
0.6981317007977318,3.9095375244672983
0.6981317007977318,3.9793506945470716
0.6981317007977318,4.049163864626845
0.6981317007977318,4.118977034706618
0.6981317007977318,4.1887902047863905
0.6981317007977318,4.258603374866164
0.6981317007977318,4.328416544945937
0.6981317007977318,4.39822971502571
0.6981317007977318,4.468042885105484
0.6981317007977318,4.537856055185257
0.6981317007977318,4.60766922526503
0.6981317007977318,4.6774823953448035
0.6981317007977318,4.747295565424577
0.6981317007977318,4.817108735504349
0.6981317007977318,4.886921905584122
0.6981317007977318,4.956735075663896
0.6981317007977318,5.026548245743669
0.6981317007977318,5.096361415823442
0.6981317007977318,5.1661745859032155
0.6981317007977318,5.235987755982989
0.6981317007977318,5.305800926062762
0.6981317007977318,5.375614096142535
0.6981317007977318,5.445427266222308
0.6981317007977318,5.515240436302081
0.6981317007977318,5.585053606381854
0.6981317007977318,5.654866776461628
0.6981317007977318,5.724679946541401
0.6981317007977318,5.794493116621174
0.6981317007977318,5.8643062867009474
0.6981317007977318,5.934119456780721
0.6981317007977318,6.003932626860494
0.6981317007977318,6.073745796940266
0.6981317007977318,6.14355896702004
0.6981317007977318,6.213372137099813
0.7853981633974483,0.0
0.7853981633974483,0.06981317007977318
0.7853981633974483,0.13962634015954636
0.7853981633974483,0.20943951023931956
0.7853981633974483,0.2792526803190927
0.7853981633974483,0.3490658503988659
0.7853981633974483,0.4188790204786391
0.7853981633974483,0.4886921905584123
0.7853981633974483,0.5585053606381855
0.7853981633974483,0.6283185307179586
0.7853981633974483,0.6981317007977318
0.7853981633974483,0.767944870877505
0.7853981633974483,0.8377580409572782
0.7853981633974483,0.9075712110370514
0.7853981633974483,0.9773843811168246
0.7853981633974483,1.0471975511965976
0.7853981633974483,1.117010721276371
0.7853981633974483,1.1868238913561442
0.7853981633974483,1.2566370614359172
0.7853981633974483,1.3264502315156905
0.7853981633974483,1.3962634015954636
0.7853981633974483,1.4660765716752369
0.7853981633974483,1.53588974175501
0.7853981633974483,1.6057029118347832
0.7853981633974483,1.6755160819145565
0.7853981633974483,1.7453292519943295
0.7853981633974483,1.8151424220741028
0.7853981633974483,1.8849555921538759
0.7853981633974483,1.9547687622336491
0.7853981633974483,2.0245819323134224
0.7853981633974483,2.0943951023931953
0.7853981633974483,2.1642082724729685
0.7853981633974483,2.234021442552742
0.7853981633974483,2.303834612632515
0.7853981633974483,2.3736477827122884
0.7853981633974483,2.443460952792061
0.7853981633974483,2.5132741228718345
0.7853981633974483,2.5830872929516078
0.7853981633974483,2.652900463031381
0.7853981633974483,2.722713633111154
0.7853981633974483,2.792526803190927
0.7853981633974483,2.8623399732707004
0.7853981633974483,2.9321531433504737
0.7853981633974483,3.001966313430247
0.7853981633974483,3.07177948351002
0.7853981633974483,3.141592653589793
0.7853981633974483,3.2114058236695664
0.7853981633974483,3.2812189937493397
0.7853981633974483,3.351032163829113
0.7853981633974483,3.420845333908886
0.7853981633974483,3.490658503988659
0.7853981633974483,3.5604716740684323
0.7853981633974483,3.6302848441482056
0.7853981633974483,3.7000980142279785
0.7853981633974483,3.7699111843077517
0.7853981633974483,3.839724354387525
0.7853981633974483,3.9095375244672983
0.7853981633974483,3.9793506945470716
0.7853981633974483,4.049163864626845
0.7853981633974483,4.118977034706618
0.7853981633974483,4.1887902047863905
0.7853981633974483,4.258603374866164
0.7853981633974483,4.328416544945937
0.7853981633974483,4.39822971502571
0.7853981633974483,4.468042885105484
0.7853981633974483,4.537856055185257
0.7853981633974483,4.60766922526503
0.7853981633974483,4.6774823953448035
0.7853981633974483,4.747295565424577
0.7853981633974483,4.817108735504349
0.7853981633974483,4.886921905584122
0.7853981633974483,4.956735075663896
0.7853981633974483,5.026548245743669
0.7853981633974483,5.096361415823442
0.7853981633974483,5.1661745859032155
0.7853981633974483,5.235987755982989
0.7853981633974483,5.305800926062762
0.7853981633974483,5.375614096142535
0.7853981633974483,5.445427266222308
0.7853981633974483,5.515240436302081
0.7853981633974483,5.585053606381854
0.7853981633974483,5.654866776461628
0.7853981633974483,5.724679946541401
0.7853981633974483,5.794493116621174
0.7853981633974483,5.8643062867009474
0.7853981633974483,5.934119456780721
0.7853981633974483,6.003932626860494
0.7853981633974483,6.073745796940266
0.7853981633974483,6.14355896702004
0.7853981633974483,6.213372137099813
0.8726646259971648,0.0
0.8726646259971648,0.06981317007977318
0.8726646259971648,0.13962634015954636
0.8726646259971648,0.20943951023931956
0.8726646259971648,0.2792526803190927
0.8726646259971648,0.3490658503988659
0.8726646259971648,0.4188790204786391
0.8726646259971648,0.4886921905584123
0.8726646259971648,0.5585053606381855
0.8726646259971648,0.6283185307179586
0.8726646259971648,0.6981317007977318
0.8726646259971648,0.767944870877505
0.8726646259971648,0.8377580409572782
0.8726646259971648,0.9075712110370514
0.8726646259971648,0.9773843811168246
0.8726646259971648,1.0471975511965976
0.8726646259971648,1.117010721276371
0.8726646259971648,1.1868238913561442
0.8726646259971648,1.2566370614359172
0.8726646259971648,1.3264502315156905
0.8726646259971648,1.3962634015954636
0.8726646259971648,1.4660765716752369
0.8726646259971648,1.53588974175501
0.8726646259971648,1.6057029118347832
0.8726646259971648,1.6755160819145565
0.8726646259971648,1.7453292519943295
0.8726646259971648,1.8151424220741028
0.8726646259971648,1.8849555921538759
0.8726646259971648,1.9547687622336491
0.8726646259971648,2.0245819323134224
0.8726646259971648,2.0943951023931953
0.8726646259971648,2.1642082724729685
0.8726646259971648,2.234021442552742
0.8726646259971648,2.303834612632515
0.8726646259971648,2.3736477827122884
0.8726646259971648,2.443460952792061
0.8726646259971648,2.5132741228718345
0.8726646259971648,2.5830872929516078
0.8726646259971648,2.652900463031381
0.8726646259971648,2.722713633111154
0.8726646259971648,2.792526803190927
0.8726646259971648,2.8623399732707004
0.8726646259971648,2.9321531433504737
0.8726646259971648,3.001966313430247
0.8726646259971648,3.07177948351002
0.8726646259971648,3.141592653589793
0.8726646259971648,3.2114058236695664
0.8726646259971648,3.2812189937493397
0.8726646259971648,3.351032163829113
0.8726646259971648,3.420845333908886
0.8726646259971648,3.490658503988659
0.8726646259971648,3.5604716740684323
0.8726646259971648,3.6302848441482056
0.8726646259971648,3.7000980142279785
0.8726646259971648,3.7699111843077517
0.8726646259971648,3.839724354387525
0.8726646259971648,3.9095375244672983
0.8726646259971648,3.9793506945470716
0.8726646259971648,4.049163864626845
0.8726646259971648,4.118977034706618
0.8726646259971648,4.1887902047863905
0.8726646259971648,4.258603374866164
0.8726646259971648,4.328416544945937
0.8726646259971648,4.39822971502571
0.8726646259971648,4.468042885105484
0.8726646259971648,4.537856055185257
0.8726646259971648,4.60766922526503
0.8726646259971648,4.6774823953448035
0.8726646259971648,4.747295565424577
0.8726646259971648,4.817108735504349
0.8726646259971648,4.886921905584122
0.8726646259971648,4.956735075663896
0.8726646259971648,5.026548245743669
0.8726646259971648,5.096361415823442
0.8726646259971648,5.1661745859032155
0.8726646259971648,5.235987755982989
0.8726646259971648,5.305800926062762
0.8726646259971648,5.375614096142535
0.8726646259971648,5.445427266222308
0.8726646259971648,5.515240436302081
0.8726646259971648,5.585053606381854
0.8726646259971648,5.654866776461628
0.8726646259971648,5.724679946541401
0.8726646259971648,5.794493116621174
0.8726646259971648,5.8643062867009474
0.8726646259971648,5.934119456780721
0.8726646259971648,6.003932626860494
0.8726646259971648,6.073745796940266
0.8726646259971648,6.14355896702004
0.8726646259971648,6.213372137099813
0.9599310885968813,0.0
0.9599310885968813,0.06981317007977318
0.9599310885968813,0.13962634015954636
0.9599310885968813,0.20943951023931956
0.9599310885968813,0.2792526803190927
0.9599310885968813,0.3490658503988659
0.9599310885968813,0.4188790204786391
0.9599310885968813,0.4886921905584123
0.9599310885968813,0.5585053606381855
0.9599310885968813,0.6283185307179586
0.9599310885968813,0.6981317007977318
0.9599310885968813,0.767944870877505
0.9599310885968813,0.8377580409572782
0.9599310885968813,0.9075712110370514
0.9599310885968813,0.9773843811168246
0.9599310885968813,1.0471975511965976
0.9599310885968813,1.117010721276371
0.9599310885968813,1.1868238913561442
0.9599310885968813,1.2566370614359172
0.9599310885968813,1.3264502315156905
0.9599310885968813,1.3962634015954636
0.9599310885968813,1.4660765716752369
0.9599310885968813,1.53588974175501
0.9599310885968813,1.6057029118347832
0.9599310885968813,1.6755160819145565
0.9599310885968813,1.7453292519943295
0.9599310885968813,1.8151424220741028
0.9599310885968813,1.8849555921538759
0.9599310885968813,1.9547687622336491
0.9599310885968813,2.0245819323134224
0.9599310885968813,2.0943951023931953
0.9599310885968813,2.1642082724729685
0.9599310885968813,2.234021442552742
0.9599310885968813,2.303834612632515
0.9599310885968813,2.3736477827122884
0.9599310885968813,2.443460952792061
0.9599310885968813,2.5132741228718345
0.9599310885968813,2.5830872929516078
0.9599310885968813,2.652900463031381
0.9599310885968813,2.722713633111154
0.9599310885968813,2.792526803190927
0.9599310885968813,2.8623399732707004
0.9599310885968813,2.9321531433504737
0.9599310885968813,3.001966313430247
0.9599310885968813,3.07177948351002
0.9599310885968813,3.141592653589793
0.9599310885968813,3.2114058236695664
0.9599310885968813,3.2812189937493397
0.9599310885968813,3.351032163829113
0.9599310885968813,3.420845333908886
0.9599310885968813,3.490658503988659
0.9599310885968813,3.5604716740684323
0.9599310885968813,3.6302848441482056
0.9599310885968813,3.7000980142279785
0.9599310885968813,3.7699111843077517
0.9599310885968813,3.839724354387525
0.9599310885968813,3.9095375244672983
0.9599310885968813,3.9793506945470716
0.9599310885968813,4.049163864626845
0.9599310885968813,4.118977034706618
0.9599310885968813,4.1887902047863905
0.9599310885968813,4.258603374866164
0.9599310885968813,4.328416544945937
0.9599310885968813,4.39822971502571
0.9599310885968813,4.468042885105484
0.9599310885968813,4.537856055185257
0.9599310885968813,4.60766922526503
0.9599310885968813,4.6774823953448035
0.9599310885968813,4.747295565424577
0.9599310885968813,4.817108735504349
0.9599310885968813,4.886921905584122
0.9599310885968813,4.956735075663896
0.9599310885968813,5.026548245743669
0.9599310885968813,5.096361415823442
0.9599310885968813,5.1661745859032155
0.9599310885968813,5.235987755982989
0.9599310885968813,5.305800926062762
0.9599310885968813,5.375614096142535
0.9599310885968813,5.445427266222308
0.9599310885968813,5.515240436302081
0.9599310885968813,5.585053606381854
0.9599310885968813,5.654866776461628
0.9599310885968813,5.724679946541401
0.9599310885968813,5.794493116621174
0.9599310885968813,5.8643062867009474
0.9599310885968813,5.934119456780721
0.9599310885968813,6.003932626860494
0.9599310885968813,6.073745796940266
0.9599310885968813,6.14355896702004
0.9599310885968813,6.213372137099813
1.0471975511965976,0.0
1.0471975511965976,0.06981317007977318
1.0471975511965976,0.13962634015954636
1.0471975511965976,0.20943951023931956
1.0471975511965976,0.2792526803190927
1.0471975511965976,0.3490658503988659
1.0471975511965976,0.4188790204786391
1.0471975511965976,0.4886921905584123
1.0471975511965976,0.5585053606381855
1.0471975511965976,0.6283185307179586
1.0471975511965976,0.6981317007977318
1.0471975511965976,0.767944870877505
1.0471975511965976,0.8377580409572782
1.0471975511965976,0.9075712110370514
1.0471975511965976,0.9773843811168246
1.0471975511965976,1.0471975511965976
1.0471975511965976,1.117010721276371
1.0471975511965976,1.1868238913561442
1.0471975511965976,1.2566370614359172
1.0471975511965976,1.3264502315156905
1.0471975511965976,1.3962634015954636
1.0471975511965976,1.4660765716752369
1.0471975511965976,1.53588974175501
1.0471975511965976,1.6057029118347832
1.0471975511965976,1.6755160819145565
1.0471975511965976,1.7453292519943295
1.0471975511965976,1.8151424220741028
1.0471975511965976,1.8849555921538759
1.0471975511965976,1.9547687622336491
1.0471975511965976,2.0245819323134224
1.0471975511965976,2.0943951023931953
1.0471975511965976,2.1642082724729685
1.0471975511965976,2.234021442552742
1.0471975511965976,2.303834612632515
1.0471975511965976,2.3736477827122884
1.0471975511965976,2.443460952792061
1.0471975511965976,2.5132741228718345
1.0471975511965976,2.5830872929516078
1.0471975511965976,2.652900463031381
1.0471975511965976,2.722713633111154
1.0471975511965976,2.792526803190927
1.0471975511965976,2.8623399732707004
1.0471975511965976,2.9321531433504737
1.0471975511965976,3.001966313430247
1.0471975511965976,3.07177948351002
1.0471975511965976,3.141592653589793
1.0471975511965976,3.2114058236695664
1.0471975511965976,3.2812189937493397
1.0471975511965976,3.351032163829113
1.0471975511965976,3.420845333908886
1.0471975511965976,3.490658503988659
1.0471975511965976,3.5604716740684323
1.0471975511965976,3.6302848441482056
1.0471975511965976,3.7000980142279785
1.0471975511965976,3.7699111843077517
1.0471975511965976,3.839724354387525
1.0471975511965976,3.9095375244672983
1.0471975511965976,3.9793506945470716
1.0471975511965976,4.049163864626845
1.0471975511965976,4.118977034706618
1.0471975511965976,4.1887902047863905
1.0471975511965976,4.258603374866164
1.0471975511965976,4.328416544945937
1.0471975511965976,4.39822971502571
1.0471975511965976,4.468042885105484
1.0471975511965976,4.537856055185257
1.0471975511965976,4.60766922526503
1.0471975511965976,4.6774823953448035
1.0471975511965976,4.747295565424577
1.0471975511965976,4.817108735504349
1.0471975511965976,4.886921905584122
1.0471975511965976,4.956735075663896
1.0471975511965976,5.026548245743669
1.0471975511965976,5.096361415823442
1.0471975511965976,5.1661745859032155
1.0471975511965976,5.235987755982989
1.0471975511965976,5.305800926062762
1.0471975511965976,5.375614096142535
1.0471975511965976,5.445427266222308
1.0471975511965976,5.515240436302081
1.0471975511965976,5.585053606381854
1.0471975511965976,5.654866776461628
1.0471975511965976,5.724679946541401
1.0471975511965976,5.794493116621174
1.0471975511965976,5.8643062867009474
1.0471975511965976,5.934119456780721
1.0471975511965976,6.003932626860494
1.0471975511965976,6.073745796940266
1.0471975511965976,6.14355896702004
1.0471975511965976,6.213372137099813
1.1344640137963142,0.0
1.1344640137963142,0.06981317007977318
1.1344640137963142,0.13962634015954636
1.1344640137963142,0.20943951023931956
1.1344640137963142,0.2792526803190927
1.1344640137963142,0.3490658503988659
1.1344640137963142,0.4188790204786391
1.1344640137963142,0.4886921905584123
1.1344640137963142,0.5585053606381855
1.1344640137963142,0.6283185307179586
1.1344640137963142,0.6981317007977318
1.1344640137963142,0.767944870877505
1.1344640137963142,0.8377580409572782
1.1344640137963142,0.9075712110370514
1.1344640137963142,0.9773843811168246
1.1344640137963142,1.0471975511965976
1.1344640137963142,1.117010721276371
1.1344640137963142,1.1868238913561442
1.1344640137963142,1.2566370614359172
1.1344640137963142,1.3264502315156905
1.1344640137963142,1.3962634015954636
1.1344640137963142,1.4660765716752369
1.1344640137963142,1.53588974175501
1.1344640137963142,1.6057029118347832
1.1344640137963142,1.6755160819145565
1.1344640137963142,1.7453292519943295
1.1344640137963142,1.8151424220741028
1.1344640137963142,1.8849555921538759
1.1344640137963142,1.9547687622336491
1.1344640137963142,2.0245819323134224
1.1344640137963142,2.0943951023931953
1.1344640137963142,2.1642082724729685
1.1344640137963142,2.234021442552742
1.1344640137963142,2.303834612632515
1.1344640137963142,2.3736477827122884
1.1344640137963142,2.443460952792061
1.1344640137963142,2.5132741228718345
1.1344640137963142,2.5830872929516078
1.1344640137963142,2.652900463031381
1.1344640137963142,2.722713633111154
1.1344640137963142,2.792526803190927
1.1344640137963142,2.8623399732707004
1.1344640137963142,2.9321531433504737
1.1344640137963142,3.001966313430247
1.1344640137963142,3.07177948351002
1.1344640137963142,3.141592653589793
1.1344640137963142,3.2114058236695664
1.1344640137963142,3.2812189937493397
1.1344640137963142,3.351032163829113
1.1344640137963142,3.420845333908886
1.1344640137963142,3.490658503988659
1.1344640137963142,3.5604716740684323
1.1344640137963142,3.6302848441482056
1.1344640137963142,3.7000980142279785
1.1344640137963142,3.7699111843077517
1.1344640137963142,3.839724354387525
1.1344640137963142,3.9095375244672983
1.1344640137963142,3.9793506945470716
1.1344640137963142,4.049163864626845
1.1344640137963142,4.118977034706618
1.1344640137963142,4.1887902047863905
1.1344640137963142,4.258603374866164
1.1344640137963142,4.328416544945937
1.1344640137963142,4.39822971502571
1.1344640137963142,4.468042885105484
1.1344640137963142,4.537856055185257
1.1344640137963142,4.60766922526503
1.1344640137963142,4.6774823953448035
1.1344640137963142,4.747295565424577
1.1344640137963142,4.817108735504349
1.1344640137963142,4.886921905584122
1.1344640137963142,4.956735075663896
1.1344640137963142,5.026548245743669
1.1344640137963142,5.096361415823442
1.1344640137963142,5.1661745859032155
1.1344640137963142,5.235987755982989
1.1344640137963142,5.305800926062762
1.1344640137963142,5.375614096142535
1.1344640137963142,5.445427266222308
1.1344640137963142,5.515240436302081
1.1344640137963142,5.585053606381854
1.1344640137963142,5.654866776461628
1.1344640137963142,5.724679946541401
1.1344640137963142,5.794493116621174
1.1344640137963142,5.8643062867009474
1.1344640137963142,5.934119456780721
1.1344640137963142,6.003932626860494
1.1344640137963142,6.073745796940266
1.1344640137963142,6.14355896702004
1.1344640137963142,6.213372137099813
1.2217304763960306,0.0
1.2217304763960306,0.06981317007977318
1.2217304763960306,0.13962634015954636
1.2217304763960306,0.20943951023931956
1.2217304763960306,0.2792526803190927
1.2217304763960306,0.3490658503988659
1.2217304763960306,0.4188790204786391
1.2217304763960306,0.4886921905584123
1.2217304763960306,0.5585053606381855
1.2217304763960306,0.6283185307179586
1.2217304763960306,0.6981317007977318
1.2217304763960306,0.767944870877505
1.2217304763960306,0.8377580409572782
1.2217304763960306,0.9075712110370514
1.2217304763960306,0.9773843811168246
1.2217304763960306,1.0471975511965976
1.2217304763960306,1.117010721276371
1.2217304763960306,1.1868238913561442
1.2217304763960306,1.2566370614359172
1.2217304763960306,1.3264502315156905
1.2217304763960306,1.3962634015954636
1.2217304763960306,1.4660765716752369
1.2217304763960306,1.53588974175501
1.2217304763960306,1.6057029118347832
1.2217304763960306,1.6755160819145565
1.2217304763960306,1.7453292519943295
1.2217304763960306,1.8151424220741028
1.2217304763960306,1.8849555921538759
1.2217304763960306,1.9547687622336491
1.2217304763960306,2.0245819323134224
1.2217304763960306,2.0943951023931953
1.2217304763960306,2.1642082724729685
1.2217304763960306,2.234021442552742
1.2217304763960306,2.303834612632515
1.2217304763960306,2.3736477827122884
1.2217304763960306,2.443460952792061
1.2217304763960306,2.5132741228718345
1.2217304763960306,2.5830872929516078
1.2217304763960306,2.652900463031381
1.2217304763960306,2.722713633111154
1.2217304763960306,2.792526803190927
1.2217304763960306,2.8623399732707004
1.2217304763960306,2.9321531433504737
1.2217304763960306,3.001966313430247
1.2217304763960306,3.07177948351002
1.2217304763960306,3.141592653589793
1.2217304763960306,3.2114058236695664
1.2217304763960306,3.2812189937493397
1.2217304763960306,3.351032163829113
1.2217304763960306,3.420845333908886
1.2217304763960306,3.490658503988659
1.2217304763960306,3.5604716740684323
1.2217304763960306,3.6302848441482056
1.2217304763960306,3.7000980142279785
1.2217304763960306,3.7699111843077517
1.2217304763960306,3.839724354387525
1.2217304763960306,3.9095375244672983
1.2217304763960306,3.9793506945470716
1.2217304763960306,4.049163864626845
1.2217304763960306,4.118977034706618
1.2217304763960306,4.1887902047863905
1.2217304763960306,4.258603374866164
1.2217304763960306,4.328416544945937
1.2217304763960306,4.39822971502571
1.2217304763960306,4.468042885105484
1.2217304763960306,4.537856055185257
1.2217304763960306,4.60766922526503
1.2217304763960306,4.6774823953448035
1.2217304763960306,4.747295565424577
1.2217304763960306,4.817108735504349
1.2217304763960306,4.886921905584122
1.2217304763960306,4.956735075663896
1.2217304763960306,5.026548245743669
1.2217304763960306,5.096361415823442
1.2217304763960306,5.1661745859032155
1.2217304763960306,5.235987755982989
1.2217304763960306,5.305800926062762
1.2217304763960306,5.375614096142535
1.2217304763960306,5.445427266222308
1.2217304763960306,5.515240436302081
1.2217304763960306,5.585053606381854
1.2217304763960306,5.654866776461628
1.2217304763960306,5.724679946541401
1.2217304763960306,5.794493116621174
1.2217304763960306,5.8643062867009474
1.2217304763960306,5.934119456780721
1.2217304763960306,6.003932626860494
1.2217304763960306,6.073745796940266
1.2217304763960306,6.14355896702004
1.2217304763960306,6.213372137099813
1.3089969389957472,0.0
1.3089969389957472,0.06981317007977318
1.3089969389957472,0.13962634015954636
1.3089969389957472,0.20943951023931956
1.3089969389957472,0.2792526803190927
1.3089969389957472,0.3490658503988659
1.3089969389957472,0.4188790204786391
1.3089969389957472,0.4886921905584123
1.3089969389957472,0.5585053606381855
1.3089969389957472,0.6283185307179586
1.3089969389957472,0.6981317007977318
1.3089969389957472,0.767944870877505
1.3089969389957472,0.8377580409572782
1.3089969389957472,0.9075712110370514
1.3089969389957472,0.9773843811168246
1.3089969389957472,1.0471975511965976
1.3089969389957472,1.117010721276371
1.3089969389957472,1.1868238913561442
1.3089969389957472,1.2566370614359172
1.3089969389957472,1.3264502315156905
1.3089969389957472,1.3962634015954636
1.3089969389957472,1.4660765716752369
1.3089969389957472,1.53588974175501
1.3089969389957472,1.6057029118347832
1.3089969389957472,1.6755160819145565
1.3089969389957472,1.7453292519943295
1.3089969389957472,1.8151424220741028
1.3089969389957472,1.8849555921538759
1.3089969389957472,1.9547687622336491
1.3089969389957472,2.0245819323134224
1.3089969389957472,2.0943951023931953
1.3089969389957472,2.1642082724729685
1.3089969389957472,2.234021442552742
1.3089969389957472,2.303834612632515
1.3089969389957472,2.3736477827122884
1.3089969389957472,2.443460952792061
1.3089969389957472,2.5132741228718345
1.3089969389957472,2.5830872929516078
1.3089969389957472,2.652900463031381
1.3089969389957472,2.722713633111154
1.3089969389957472,2.792526803190927
1.3089969389957472,2.8623399732707004
1.3089969389957472,2.9321531433504737
1.3089969389957472,3.001966313430247
1.3089969389957472,3.07177948351002
1.3089969389957472,3.141592653589793
1.3089969389957472,3.2114058236695664
1.3089969389957472,3.2812189937493397
1.3089969389957472,3.351032163829113
1.3089969389957472,3.420845333908886
1.3089969389957472,3.490658503988659
1.3089969389957472,3.5604716740684323
1.3089969389957472,3.6302848441482056
1.3089969389957472,3.7000980142279785
1.3089969389957472,3.7699111843077517
1.3089969389957472,3.839724354387525
1.3089969389957472,3.9095375244672983
1.3089969389957472,3.9793506945470716
1.3089969389957472,4.049163864626845
1.3089969389957472,4.118977034706618
1.3089969389957472,4.1887902047863905
1.3089969389957472,4.258603374866164
1.3089969389957472,4.328416544945937
1.3089969389957472,4.39822971502571
1.3089969389957472,4.468042885105484
1.3089969389957472,4.537856055185257
1.3089969389957472,4.60766922526503
1.3089969389957472,4.6774823953448035
1.3089969389957472,4.747295565424577
1.3089969389957472,4.817108735504349
1.3089969389957472,4.886921905584122
1.3089969389957472,4.956735075663896
1.3089969389957472,5.026548245743669
1.3089969389957472,5.096361415823442
1.3089969389957472,5.1661745859032155
1.3089969389957472,5.235987755982989
1.3089969389957472,5.305800926062762
1.3089969389957472,5.375614096142535
1.3089969389957472,5.445427266222308
1.3089969389957472,5.515240436302081
1.3089969389957472,5.585053606381854
1.3089969389957472,5.654866776461628
1.3089969389957472,5.724679946541401
1.3089969389957472,5.794493116621174
1.3089969389957472,5.8643062867009474
1.3089969389957472,5.934119456780721
1.3089969389957472,6.003932626860494
1.3089969389957472,6.073745796940266
1.3089969389957472,6.14355896702004
1.3089969389957472,6.213372137099813
1.3962634015954636,0.0
1.3962634015954636,0.06981317007977318
1.3962634015954636,0.13962634015954636
1.3962634015954636,0.20943951023931956
1.3962634015954636,0.2792526803190927
1.3962634015954636,0.3490658503988659
1.3962634015954636,0.4188790204786391
1.3962634015954636,0.4886921905584123
1.3962634015954636,0.5585053606381855
1.3962634015954636,0.6283185307179586
1.3962634015954636,0.6981317007977318
1.3962634015954636,0.767944870877505
1.3962634015954636,0.8377580409572782
1.3962634015954636,0.9075712110370514
1.3962634015954636,0.9773843811168246
1.3962634015954636,1.0471975511965976
1.3962634015954636,1.117010721276371
1.3962634015954636,1.1868238913561442
1.3962634015954636,1.2566370614359172
1.3962634015954636,1.3264502315156905
1.3962634015954636,1.3962634015954636
1.3962634015954636,1.4660765716752369
1.3962634015954636,1.53588974175501
1.3962634015954636,1.6057029118347832
1.3962634015954636,1.6755160819145565
1.3962634015954636,1.7453292519943295
1.3962634015954636,1.8151424220741028
1.3962634015954636,1.8849555921538759
1.3962634015954636,1.9547687622336491
1.3962634015954636,2.0245819323134224
1.3962634015954636,2.0943951023931953
1.3962634015954636,2.1642082724729685
1.3962634015954636,2.234021442552742
1.3962634015954636,2.303834612632515
1.3962634015954636,2.3736477827122884
1.3962634015954636,2.443460952792061
1.3962634015954636,2.5132741228718345
1.3962634015954636,2.5830872929516078
1.3962634015954636,2.652900463031381
1.3962634015954636,2.722713633111154
1.3962634015954636,2.792526803190927
1.3962634015954636,2.8623399732707004
1.3962634015954636,2.9321531433504737
1.3962634015954636,3.001966313430247
1.3962634015954636,3.07177948351002
1.3962634015954636,3.141592653589793
1.3962634015954636,3.2114058236695664
1.3962634015954636,3.2812189937493397
1.3962634015954636,3.351032163829113
1.3962634015954636,3.420845333908886
1.3962634015954636,3.490658503988659
1.3962634015954636,3.5604716740684323
1.3962634015954636,3.6302848441482056
1.3962634015954636,3.7000980142279785
1.3962634015954636,3.7699111843077517
1.3962634015954636,3.839724354387525
1.3962634015954636,3.9095375244672983
1.3962634015954636,3.9793506945470716
1.3962634015954636,4.049163864626845
1.3962634015954636,4.118977034706618
1.3962634015954636,4.1887902047863905
1.3962634015954636,4.258603374866164
1.3962634015954636,4.328416544945937
1.3962634015954636,4.39822971502571
1.3962634015954636,4.468042885105484
1.3962634015954636,4.537856055185257
1.3962634015954636,4.60766922526503
1.3962634015954636,4.6774823953448035
1.3962634015954636,4.747295565424577
1.3962634015954636,4.817108735504349
1.3962634015954636,4.886921905584122
1.3962634015954636,4.956735075663896
1.3962634015954636,5.026548245743669
1.3962634015954636,5.096361415823442
1.3962634015954636,5.1661745859032155
1.3962634015954636,5.235987755982989
1.3962634015954636,5.305800926062762
1.3962634015954636,5.375614096142535
1.3962634015954636,5.445427266222308
1.3962634015954636,5.515240436302081
1.3962634015954636,5.585053606381854
1.3962634015954636,5.654866776461628
1.3962634015954636,5.724679946541401
1.3962634015954636,5.794493116621174
1.3962634015954636,5.8643062867009474
1.3962634015954636,5.934119456780721
1.3962634015954636,6.003932626860494
1.3962634015954636,6.073745796940266
1.3962634015954636,6.14355896702004
1.3962634015954636,6.213372137099813
1.48352986419518,0.0
1.48352986419518,0.06981317007977318
1.48352986419518,0.13962634015954636
1.48352986419518,0.20943951023931956
1.48352986419518,0.2792526803190927
1.48352986419518,0.3490658503988659
1.48352986419518,0.4188790204786391
1.48352986419518,0.4886921905584123
1.48352986419518,0.5585053606381855
1.48352986419518,0.6283185307179586
1.48352986419518,0.6981317007977318
1.48352986419518,0.767944870877505
1.48352986419518,0.8377580409572782
1.48352986419518,0.9075712110370514
1.48352986419518,0.9773843811168246
1.48352986419518,1.0471975511965976
1.48352986419518,1.117010721276371
1.48352986419518,1.1868238913561442
1.48352986419518,1.2566370614359172
1.48352986419518,1.3264502315156905
1.48352986419518,1.3962634015954636
1.48352986419518,1.4660765716752369
1.48352986419518,1.53588974175501
1.48352986419518,1.6057029118347832
1.48352986419518,1.6755160819145565
1.48352986419518,1.7453292519943295
1.48352986419518,1.8151424220741028
1.48352986419518,1.8849555921538759
1.48352986419518,1.9547687622336491
1.48352986419518,2.0245819323134224
1.48352986419518,2.0943951023931953
1.48352986419518,2.1642082724729685
1.48352986419518,2.234021442552742
1.48352986419518,2.303834612632515
1.48352986419518,2.3736477827122884
1.48352986419518,2.443460952792061
1.48352986419518,2.5132741228718345
1.48352986419518,2.5830872929516078
1.48352986419518,2.652900463031381
1.48352986419518,2.722713633111154
1.48352986419518,2.792526803190927
1.48352986419518,2.8623399732707004
1.48352986419518,2.9321531433504737
1.48352986419518,3.001966313430247
1.48352986419518,3.07177948351002
1.48352986419518,3.141592653589793
1.48352986419518,3.2114058236695664
1.48352986419518,3.2812189937493397
1.48352986419518,3.351032163829113
1.48352986419518,3.420845333908886
1.48352986419518,3.490658503988659
1.48352986419518,3.5604716740684323
1.48352986419518,3.6302848441482056
1.48352986419518,3.7000980142279785
1.48352986419518,3.7699111843077517
1.48352986419518,3.839724354387525
1.48352986419518,3.9095375244672983
1.48352986419518,3.9793506945470716
1.48352986419518,4.049163864626845
1.48352986419518,4.118977034706618
1.48352986419518,4.1887902047863905
1.48352986419518,4.258603374866164
1.48352986419518,4.328416544945937
1.48352986419518,4.39822971502571
1.48352986419518,4.468042885105484
1.48352986419518,4.537856055185257
1.48352986419518,4.60766922526503
1.48352986419518,4.6774823953448035
1.48352986419518,4.747295565424577
1.48352986419518,4.817108735504349
1.48352986419518,4.886921905584122
1.48352986419518,4.956735075663896
1.48352986419518,5.026548245743669
1.48352986419518,5.096361415823442
1.48352986419518,5.1661745859032155
1.48352986419518,5.235987755982989
1.48352986419518,5.305800926062762
1.48352986419518,5.375614096142535
1.48352986419518,5.445427266222308
1.48352986419518,5.515240436302081
1.48352986419518,5.585053606381854
1.48352986419518,5.654866776461628
1.48352986419518,5.724679946541401
1.48352986419518,5.794493116621174
1.48352986419518,5.8643062867009474
1.48352986419518,5.934119456780721
1.48352986419518,6.003932626860494
1.48352986419518,6.073745796940266
1.48352986419518,6.14355896702004
1.48352986419518,6.213372137099813
1.5707963267948966,0.0
1.5707963267948966,0.06981317007977318
1.5707963267948966,0.13962634015954636
1.5707963267948966,0.20943951023931956
1.5707963267948966,0.2792526803190927
1.5707963267948966,0.3490658503988659
1.5707963267948966,0.4188790204786391
1.5707963267948966,0.4886921905584123
1.5707963267948966,0.5585053606381855
1.5707963267948966,0.6283185307179586
1.5707963267948966,0.6981317007977318
1.5707963267948966,0.767944870877505
1.5707963267948966,0.8377580409572782
1.5707963267948966,0.9075712110370514
1.5707963267948966,0.9773843811168246
1.5707963267948966,1.0471975511965976
1.5707963267948966,1.117010721276371
1.5707963267948966,1.1868238913561442
1.5707963267948966,1.2566370614359172
1.5707963267948966,1.3264502315156905
1.5707963267948966,1.3962634015954636
1.5707963267948966,1.4660765716752369
1.5707963267948966,1.53588974175501
1.5707963267948966,1.6057029118347832
1.5707963267948966,1.6755160819145565
1.5707963267948966,1.7453292519943295
1.5707963267948966,1.8151424220741028
1.5707963267948966,1.8849555921538759
1.5707963267948966,1.9547687622336491
1.5707963267948966,2.0245819323134224
1.5707963267948966,2.0943951023931953
1.5707963267948966,2.1642082724729685
1.5707963267948966,2.234021442552742
1.5707963267948966,2.303834612632515
1.5707963267948966,2.3736477827122884
1.5707963267948966,2.443460952792061
1.5707963267948966,2.5132741228718345
1.5707963267948966,2.5830872929516078
1.5707963267948966,2.652900463031381
1.5707963267948966,2.722713633111154
1.5707963267948966,2.792526803190927
1.5707963267948966,2.8623399732707004
1.5707963267948966,2.9321531433504737
1.5707963267948966,3.001966313430247
1.5707963267948966,3.07177948351002
1.5707963267948966,3.141592653589793
1.5707963267948966,3.2114058236695664
1.5707963267948966,3.2812189937493397
1.5707963267948966,3.351032163829113
1.5707963267948966,3.420845333908886
1.5707963267948966,3.490658503988659
1.5707963267948966,3.5604716740684323
1.5707963267948966,3.6302848441482056
1.5707963267948966,3.7000980142279785
1.5707963267948966,3.7699111843077517
1.5707963267948966,3.839724354387525
1.5707963267948966,3.9095375244672983
1.5707963267948966,3.9793506945470716
1.5707963267948966,4.049163864626845
1.5707963267948966,4.118977034706618
1.5707963267948966,4.1887902047863905
1.5707963267948966,4.258603374866164
1.5707963267948966,4.328416544945937
1.5707963267948966,4.39822971502571
1.5707963267948966,4.468042885105484
1.5707963267948966,4.537856055185257
1.5707963267948966,4.60766922526503
1.5707963267948966,4.6774823953448035
1.5707963267948966,4.747295565424577
1.5707963267948966,4.817108735504349
1.5707963267948966,4.886921905584122
1.5707963267948966,4.956735075663896
1.5707963267948966,5.026548245743669
1.5707963267948966,5.096361415823442
1.5707963267948966,5.1661745859032155
1.5707963267948966,5.235987755982989
1.5707963267948966,5.305800926062762
1.5707963267948966,5.375614096142535
1.5707963267948966,5.445427266222308
1.5707963267948966,5.515240436302081
1.5707963267948966,5.585053606381854
1.5707963267948966,5.654866776461628
1.5707963267948966,5.724679946541401
1.5707963267948966,5.794493116621174
1.5707963267948966,5.8643062867009474
1.5707963267948966,5.934119456780721
1.5707963267948966,6.003932626860494
1.5707963267948966,6.073745796940266
1.5707963267948966,6.14355896702004
1.5707963267948966,6.213372137099813
